S/N,Project,CONQUAS Band,Project Developer,Developer,Builder,Architect,Year
1,1 & 3 Meng Suan Road,Under Assessment,Jia Sheng Investment,,Bestlink Construction Pte Ltd,Poon Architects,
2,10 Balmeg Hill,Not Banded,Sunstone Properties (Pasir Panjang) Pte Ltd,Sunstone Properties (Pasir Panjang) Pte Ltd,Vigcon Construction Pte Ltd,TENarchitects,
3,10 Evelyn Road,Not Banded,Creative Investments Pte Ltd,Amara Holdings Ltd,Precise Development Pte Ltd,W Architect Pte Ltd,
4,101/103 Whitley Rd & 10 Bo Seng Ave,5.0,Stay Gold Land (Whitley Road) Private Limited,Stay Gold Land Pte Ltd,Dynamicwerkz Pte Ltd,Team Design Architects Pte Ltd,2024.0
5,113 Shrewsbury Road,Under Assessment,Centra Novena Pte Ltd,Centra Novena Pte Ltd,Hiap Seng Building Construction Pte Ltd,Tektonik Studio,
6,12 on Shan,Not Banded,TA Realty Pte Ltd,TA Corporation Ltd,Sinotac Builder's (S) Pte Ltd,Park + Associates Pte Ltd,
7,120 Grange,Not Banded,RH Orchard Pte Ltd,Roxy Pacific Holdings Ltd,.,Ong & Ong Pte Ltd,
8,14 Pasir Panjang Hill,Under Assessment,8 Dragons by ABN Pte Ltd,ABN Holdings Pte Ltd,As-Is Builders Pte Ltd,HUAY Architects Pte Ltd,
9,"14,16,25,26,27,28 Kuo Chuan Ave",Under Assessment,Pulau Properties (Pte) Ltd,Lee Foundation,Construkt Pte Ltd,Park + Associates Pte. Ltd.,
10,15 Holland Hill,4.0,Peak Opal Pte Ltd,Kheng Leong Co (Pte) Ltd,Thian Sung Construction Pte Ltd,P&T Consultants Pte Ltd,2024.0
11,161 Lavender,Under Assessment,Hafary Flagship Store Pte Ltd,Hafary Holdings Ltd,UV Resource Pte Ltd,OWAA Architects,
12,183 LongHaus,Not Banded,TEE Ventures Pte Ltd,Amcorp Global Ltd,Trinity Construction Development Pte Ltd,Metaphor Design + Architecture Pte Ltd,
13,19 Nassim,1.0,Parksville Development Pte Ltd,Keppel Land Ltd,Unison Construction Pte Ltd,SCDA Architects Pte Ltd,2024.0
14,1953 Balestier,4.0,Oxley Amethyst Pte Ltd,Oxley Holdings Ltd,CKR Contract Services Pte Ltd,,2023.0
15,"2,4,6,8,10,12 and 14 Mount Rosie Road",5.0,Casuarina Properties Pte Ltd,Casuarina Properties Pte Ltd,Seah Kim Cheok Construction Co Pte Ltd,East 9 Architects & Planners Pte Ltd,2024.0
16,21 Anderson,Under Assessment,Anderson International Properties Pte Ltd,Kheng Leong Co (Pte) Ltd,Qingjian Engineering & Construction Pte Ltd,P&T Consultant Pte Ltd,
17,21 Mount Rosie Road,Under Assessment,Mount Rosie Development Pte Ltd,Fraxtor Singapore,ID 212 Pte Ltd,DS Architects Pte Ltd,
18,24 One Residences,Not Banded,TEE Vista Pte Ltd,Amcorp Global Ltd,.,,
19,3 Cuscaden,Not Banded,SL Capital (2) Pte Ltd,Sustained Land Pte Ltd / Kwong Lee Land Pte Ltd / Ho Lee Group Pte Ltd,Vision E&C Pte Ltd,AGA Architects Pte Ltd,
20,3 Draycott Park,Under Assessment,Shernyang Pte Ltd,Tan Chwee Boon Pte Ltd,Welltech Construction Pte Ltd,Kyoob Architects Pte Ltd,
21,303 & 305 Pasir Panjang Road,Under Assessment,White Hills Development Pte Ltd,Silver Edge Investment Holdings Pte Ltd,NB Development Pte Ltd,Akta-Rchitects Pte Ltd,
22,32 Gilstead Road,Not Banded,Peak Vista Pte Ltd,Kheng Leong Co (Pte) Ltd,Chong Tong Construction Pte Ltd,P&T Consultants Pte Ltd,
23,33 Devonshire,5.0,Sekon International (S) Pte Ltd,Sekon International (S) Pte Ltd,Vision E&C Pte Ltd,P&T Consultants Pte Ltd,2024.0
24,33 Residences,3.0,Macly 33 Pte Ltd,Macly Group,ABM Construction Pte Ltd,JGP Architecture (S) Pte. Ltd.,2022.0
25,35 Gilstead,Not Banded,Amcorp Forward Pte Ltd,Amcorp Global Ltd / TG Development Pte Ltd,Trinity Construction Development Pte Ltd,Ong Lidi Lydia,
26,36 Flower Road,4.0,GDL Land  Pte Ltd,Global Dragon Ltd,Dynamicwerkz Pte Ltd,APDS Architects,2022.0
27,38 Shrewsbury Road,5.0,Opulent Development Pte Ltd,Prime Developments Pte Ltd,Sheng Yue Construction Pte Ltd,IPLI Architects,2025.0
28,46 Boon Teck Rd,Under Assessment,Amerald Land Pte Ltd,Precise Development Pte Ltd,Y-5G Builders Pte Ltd,Kyoob Architects Pte Ltd,
29,5 Still Road,4.0,Melville Pte Ltd,Crescendas Group,He Zhan Construction Pte Ltd,Swan & Maclaren Architects Pte Ltd,2024.0
30,5 Storey Apartment @ 11 Mattar,3.0,Canaan Hospitality and Residences Pte Ltd,Canaan Hospitality and Residences Pte Ltd,HLX Building Engineering Pte Ltd,Atria Achitects,2023.0
31,51 Anson,Under Assessment,Hong Leong Holdings Limited,Hong Leong Holdings Limited,Lum Chang Building Contractors Pte Ltd,P&T Consultants Pte Ltd,
32,77 @ East Coast,Not Banded,KDC (77) Development Pte Ltd,KTC Group,.,Ronny Chin Architects,
33,7A & 7B Harlyn Road,5.0,Harlyn Land Pte Ltd,Harlyn Land Pte Ltd,Nippon Builders Pte Ltd,K2LD Architects Pte Ltd,2022.0
34,8 Hullet,Not Banded,Hullet Development Pte Ltd,Hullet Development Pte Ltd,.,A D Lab Pte Ltd,
35,8 Shenton Way,Under Assessment,Perennial Real Estate Holdings Limited (PREH),Perennial Holdings Pte  Ltd / Alibaba Group Holding Ltd,China Harbour Engineering Co Ltd Singapore Branch,DCA Architects Pte Ltd,
36,8@Bukit Timah,Under Assessment,Bukit One Pte Ltd,Bukit Sembawang Estates Ltd,Hexacon Construction Pte Ltd,ARC Studio Architecture + Urbanism Pte Ltd,
37,9 Units Houses at 157 Jalan Loyang Besar,Under Assessment,Stay Gold Treasures Pte. Ltd.,Stay Gold Land Pte Ltd,Dynamicwerkz Pte Ltd,APDS Architects,
38,Adana @ Thomson,Not Banded,Fortune Properties Pte Ltd,Fortune Realty Pte Ltd,.,JGP Architecture (S) Pte Ltd.,
39,Affinity,4.0,Oxley Serangoon Pte Ltd,Oxley Holdings Ltd / Lian Beng Group Ltd / KSH Holdings Ltd,LS Construction Pte Ltd,DPA Architects Pte Ltd,2024.0
40,Alana,Not Banded,Bullion Holdings P/L & Cabana JV P/L,Far East Organization,Seah Kim Cheok Construction Co Pte Ltd,RDC Architects Pte Ltd,
41,Altura,Under Assessment,TQS (2) Development Pte Ltd,Santarli Group Pte Ltd / Qingjian Realty (South Pacific) Group  Pte Ltd,Grandtech Construction Pte Ltd,ADDP Architects LLP,
42,Amber 45,1.0,UOL Development (Amber) Pte Ltd,UOL Group Ltd,Unison Construction Pte Ltd,ADDP Architects LLP,2021.0
43,Amber Park,1.0,Aquarius Properties Pte Ltd,City Developments Ltd (CDL),Unison Construction Pte Ltd,SCDA Architects Pte Ltd,2024.0
44,AMO Residence,Under Assessment,United Venture Development (2021) Pte Ltd,UOL Group Ltd / Kheng Leong Co (Pte) Ltd / Singapore Land Group Ltd (SingLand),United Tec Construction Pte Ltd,P&T Consultants Pte Ltd,
45,Ardor Residence,Under Assessment,NS Property (Haig) Pte Ltd,Nanshan Group Singapore Pte Ltd / LSZ International Pte Ltd,China Railway Construction Group Corporation Limited (Singapore branch),P&T Consultants Pte Ltd,
46,Arena Residences,4.0,Rh Guillemard Pte Ltd,Roxy Pacific Holdings Ltd,Star Engineering Pte Ltd,JGP Architecture (S) Pte Ltd,2024.0
47,ARTRA,2.0,FEC Skyline Pte Ltd,Far East Consortium International Limited / New World Development Company Limited,Tiong Seng Contractors (Pte) Ltd,JGP Architecture (S) Pte Ltd,2022.0
48,Atlassia,4.0,K16 Place Pte Ltd,K16 Development Pte Ltd,Chan Rong Fen Building Construction Pte Ltd,Formwerkz Architects LLP,2025.0
49,Aurelle of Tampines,Under Assessment,Sim Lian JV (Northbank) Pte. Ltd.,Sim Lian Group,Sim Lian Construction Co (Pte) Ltd,M.A.N architects LLP,
50,Avenue South Residence,2.0,United Venture Development (Silat) Pte Ltd,UOL Group Ltd / Singapore Land Group Ltd (SingLand) / Kheng Leong Co (Pte) Ltd,United Tec Construction Pte Ltd,ADDP Architects LLP,2024.0
51,Bartley Vue,Under Assessment,Wee Hur (Bartley) Pte Ltd,Wee Hur Holdings Ltd,Wee Hur Construction Pte Ltd,P & T Consultants Pte Ltd,
52,Baywind,1.0,Baywind Properties Pte Ltd,LWH Holdings Pte Ltd,JH Construction Pte Ltd,JGP Architecture (S) Pte Ltd,2025.0
53,Belgravia Ace,Under Assessment,Fairview Delvelopments  Pte Ltd,Tong Eng Group,Kimly Construction Pte Ltd,JGP Architecture (S) Pte Ltd,
54,Belgravia Green,4.0,Fairview Developments Pte Ltd,Tong Eng Group,Seah Construction Pte Ltd,LAUD Architects Pte Ltd,2023.0
55,Blossoms By The Park,Under Assessment,EL Development Pte Ltd,EL Development Pte Ltd,Evan Lim & Co Pte Ltd,ADDP Architects LLP,
56,Botanic @ Cluny Park,Not Banded,Cluny Development Pte Ltd,Cluny Development Pte Ltd,.,SCDA Architects,
57,Boulevard 88,2.0,Granmil Holdings Pte Ltd,City Developments Ltd (CDL) / Hong Leong Holdings Limited / LEA Investments Ltd,Kajima Overseas Asia (Singapore) Pte Ltd,Safdie Architects,2023.0
58,Brighthill Residences,4.0,Brighthill Development Pte Ltd,Silver Edge Investment Holdings Pte Ltd,NB Development Pte Ltd,Akta-Rchitects Pte Ltd,2022.0
59,Bukit 828,Not Banded,RH Capital Pte Ltd,Roxy Pacific Holdings Ltd / LWH Holdings Pte Ltd,Lim Wen Heng Construction Pte Ltd,Ong & Ong Pte Ltd,
60,Cairnhill 16,2.0,TSKY Cairnhill Pte Ltd,Seacare Property Development Pte Ltd / Tiong Seng Holdings Ltd / Ang Tong Seng Holdings Pte Ltd,Tiong Seng Contractors (Pte) Ltd,LAUD Architects Pte Ltd,2025.0
61,Canberra Crescent Residences,Under Assessment,Peak Crescent Pte Ltd,Low Keng Huat (Singapore) Ltd / Kheng Leong Co (Pte) Ltd,China Construction (South Pacific) Development Co Pte Ltd,P&T Consultants Pte Ltd,
62,Canninghill Piers,Under Assessment,Legend Quay Pte. Ltd.,City Developments Ltd (CDL) / CapitaLand Ltd,China Construction (South Pacific) Development Co Pte Ltd,DP Architects Pte Ltd,
63,Carpmael Thirty-Eight,Not Banded,LWH Carpmael Pte Ltd,LWH Holdings Pte Ltd,.,Tektonik Studio.,
64,Casa Al Mare,1.0,SL Capital (4) Pte Ltd,Sustained Land Pte Ltd,Newcon Builders Pte Ltd,AGA Architects Pte Ltd,2023.0
65,Cashew Green,Not Banded,Lucky Realty Co Pte Ltd,Far East Organization,Chan Rong Fen Building Construction Pte Ltd,RDC Architects Pte Ltd.,
66,Cayman Residences,Not Banded,Pinnacle Homes (East Coast) Pte Ltd,Pinnacle Assets Pte Ltd,.,,
67,Chuan Park,Under Assessment,Chuan Park Development Pte Ltd,Kingsford Development Pte Ltd / MCC Land (Singapore) Pte Ltd / JLCC Development Pte Ltd,China Construction (South Pacific) Development Co Pte Ltd,AGA Architects Pte Ltd,
68,Clavon,1.0,United Venture Development (Clementi) Pte Ltd,UOL Group Ltd / Singapore Land Group Ltd (SingLand),United Tec Construction Pte Ltd,P&T Consultants Pte Ltd,2024.0
69,Claydence,Under Assessment,Hong How Land Pte Ltd,Hong How Land Pte Ltd,Boon Tian Contractor Pte Ltd,DS Architects Pte Ltd,
70,Coastline Residences,Not Banded,SL Capital (3) Pte Ltd,Sustained Land Pte Ltd / Goodland Group Ltd / Ho Lee Group Pte Ltd,.,AGA Architects Pte Ltd.,
71,Copen Grand,Under Assessment,Taurus Properties SG Pte. Ltd.,City Developments Ltd (CDL) / MCL Land Ltd,Woh Hup (Pte) Ltd,ADDP Architects LLP,
72,Cuscaden Reserve,1.0,Cuscaden Homes Pte Ltd,Amberden Pte Ltd / New World Development Company Limited / Far East Consortium International Limited,TPS Construction Pte Ltd,SCDA Architects Pte Ltd,2024.0
73,Daintree Residence,2.0,Setia (Bukit Timah) Pte Ltd,SP Setia International (S) Pte Ltd,Qingjian International (SP) Group Development Co Pte Ltd,ADDP Architects LLP,2023.0
74,Dairy Farm Residences,4.0,UE Dairy Farm Pte Ltd,United Engineers Ltd,Qingjian International (SP) Group Development Co Pte Ltd,DP Architects Pte Ltd,2025.0
75,Dalvey Haus,4.0,Dalvey Breeze Development Pte Ltd,KOP Properties Pte Ltd / Low Keng Huat (Singapore) Ltd,Low Keng Huat (Singapore) Ltd,Eco-id Architects Pte Ltd,2024.0
76,Deluxe Residences,Under Assessment,Kai Lim Developments Pte Ltd,Kai Lim Developments Pte Ltd,Dal Builders Pte Ltd,Atelier Design Architects,
77,Dunearn 386,5.0,RH Central Pte Ltd,Roxy Pacific Holdings Ltd,Tat Hin Builders Pte Ltd,RSP Architects Planners & Engineers (Pte) Ltd,2023.0
78,Eden,1.0,Celestial Fortune Pte Ltd,Swire Properties Pte Ltd,Unison Construction Pte Ltd,RSP Architects Planners & Engineers (Pte) Ltd,2020.0
79,ELTA,Under Assessment,HC Land (Clementi) Pte. Ltd.,MCL Land Ltd / CSC Land Group,China Construction Realty Co. Pte Ltd,P&T Consultants Pte Ltd,
80,Emerald of Katong,Under Assessment,Sim Lian JV (Katong) Pte Ltd,Sim Lian Group,S&L City Builders Pte Ltd,M.A.N architects LLP,
81,Enchante,Under Assessment,Evelyn Pte Ltd,Victory Land Pte Ltd,Hock Guan Cheong Builder Pte Ltd,Metaphor Design + Architecture Pte Ltd,
82,Five Nine,Not Banded,Macly K Pte Ltd,Macly Group,.,FARM Architects Pte Ltd,
83,Flora View,Not Banded,Oxley YCK Pte Ltd,Oxley Holdings Ltd,.,DP Architects Pte Ltd,
84,Forest Woods,1.0,Serangoon Green Pte Ltd,City Developments Ltd (CDL) / Hong Leong Holdings Limited / TID Pte Ltd,Ssangyong Engineering & Construction Co Ltd,DCA Architects Pte Ltd,2021.0
85,Forett at Bukit Timah,3.0,Qingjian Perennial (Bukit Timah) Pte Ltd,Qingjian Realty (South Pacific) Group  Pte Ltd / Perennial Holdings Pte  Ltd,Qingjian International (SP) Group Development Co Pte Ltd,P&T Consultants Pte Ltd,2025.0
86,Fourth Avenue Residences,2.0,Valleypoint Investments Pte Ltd,Allgreen Properties Ltd,Tiong Aik Construction Pte Ltd,RSP Architects Planners and Engineers,2025.0
87,Fyve Derbyshire,2.0,Rh Developments Two Pte Ltd,Roxy Pacific Holdings Ltd,Seah Construction Pte Ltd,Kyoob Architects Pte Ltd,2024.0
88,Gem Residences,2.0,Gem Homes Pte Ltd,Evia Real Estate Pte Ltd / Gamuda Land / Maxdin Pte Ltd,Greatearth Construction Pte Ltd,Surbana Jurong Consultants Pte Ltd,2021.0
89,GEMS Ville,2.0,East Asia Geylang Development Pte Ltd,Dong Ya Xin Hua Group,Qingjian Engineering & Construction Pte Ltd,M.A.N Architects LLP,2025.0
90,Grand Dunman,Under Assessment,Grand Dunman Pte Ltd,CSC Land Group / Singhaiyi Group Ltd,China Construction Realty Co. Pte Ltd,P&T Consultants Pte Ltd,
91,Grandeur Park Residences,2.0,CEL Development Pte Ltd,CEL Development Pte Ltd,CES Engineering & Construction Pte Ltd,ADDP Architects LLP,2021.0
92,Grange 1866,Under Assessment,Grange 1866 Pte Ltd,Heeton Holdings Ltd,Cheng Ji Builder Pte Ltd,P&T Consultants Pte Ltd,
93,Guoco Midtown and Midtown Bay,1.0,Guoco Midtown Pte Ltd & Midtown Bay Pte Ltd,GuocoLand Ltd,China Construction (South Pacific) Development Co Pte Ltd,DP Architects Pte Ltd,2025.0
94,Harbour View Gardens,Not Banded,RH Developments Pte Ltd,Roxy Pacific Holdings Ltd,.,JGP Architecture (S) Pte Ltd.,
95,Haus on Handy,1.0,City Developments Ltd (CDL),City Developments Ltd (CDL),Woh Hup (Pte) Ltd,Architects 61 Pte Ltd,2023.0
96,Hilbre28,Not Banded,Development 72 Pte Ltd,Amcorp Global Ltd,.,Metaphor Design Architecture Pte Ltd,
97,HILL House,Under Assessment,Mequity Hills Pte Ltd,Macly Group,HLBC Pte Ltd,JGP Architecture (S) Pte Ltd,
98,Hillhaven Condominium,Under Assessment,East Residences Pte. Ltd,Far East Organization / Sekisui House Ltd,China Construction (South Pacific) Development Co Pte Ltd,ARC Studio Architecture & Urbanism,
99,Hillock Green,Under Assessment,Lentor Central Developments Pte Ltd,Soilbuild Group Holdings Ltd / United Engineers Ltd / Forsea Residence Pte Ltd,China Communications Construction Co Ltd (Singapore Branch),DP Architects Pte Ltd,
100,Hundred Palms Residences,1.0,Hoi Hup Hougang Development Pte Ltd,Hoi Hup Realty Pte Ltd,Straits Construction Singapore Pte Ltd,Consortium 168 Architects Pte Ltd,2020.0
101,Hyll on Holland,5.0,FEC Skypark Pte Ltd,Far East Consortium International Limited / Koh Brothers Development Pte Ltd,Tiong Seng Contractors (Pte) Ltd,Aedas Pte Ltd,2025.0
102,Infini At East Coast,Not Banded,GDL Land Pte Ltd,Global Dragon Ltd,.,SAA Architects Pte Ltd.,
103,Inz Residence,1.0,Qingjian Realty (Choa Chu Kang) Pte Ltd,Qingjian Realty (South Pacific) Group  Pte Ltd,Qingjian International (SP) Group Development Co Pte Ltd,ADDP Architects LLP,2020.0
104,Irwell Hill Residences,1.0,CDL Perseus Pte Ltd,City Developments Ltd (CDL),Woh Hup (Pte) Ltd,ADDP Architects LLP,2025.0
105,J@63,Under Assessment,Distinct Home (TKJ) Pte Ltd,Distinct Home Development Pte Ltd,Solid Decoration Pte Ltd,Ronny Chin Architects Pte Ltd,
106,Jadescape Condominium,2.0,Qingjian Realty Marymount Pte Ltd,Qingjian Realty (South Pacific) Group  Pte Ltd,Welltech Construction Pte Ltd,ONG&ONG Pte Ltd,2024.0
107,Jasen House,Under Assessment,Meqity GS Pte Ltd,Macly Group,HLBC Pte Ltd,Farm Architects Pte Ltd,
108,Jden,Under Assessment,Tanglin R E Holdings Pte Ltd,CapitaLand Ltd,Woh Hup (Pte) Ltd,Surbana Jurong Consultants Pte Ltd,
109,JE205,Under Assessment,Fragrances Treasures Pte Ltd.,Fragrance Group Ltd,East Asia Engineering & Construction Pte Ltd,SAA Architects Pte Ltd,
110,Jervois Mansion,Under Assessment,Kimen Realty Pte Ltd,Kimen Group,Singapore Engineering & Construction Pte Ltd,Multiply Architects LLP,
111,Jervois Treasures,5.0,Fragrances Treasures Pte Ltd,Fragrance Group Ltd,East Asia Engineering & Construction Pte Ltd,RSP Architects Planners & Engineers (Pte) Ltd,2025.0
112,Jui Residences,2.0,Tiara Land Pte Ltd,Selangor Dredging Berhad,Nakano Singapore (Pte) Ltd,JGP Architecture (S) Pte Ltd,2022.0
113,Juniper Hill,2.0,Allgreen Properties Ltd,Allgreen Properties Ltd,Tiong Aik Construction Pte Ltd,P&T Consultants Pte Ltd,2023.0
114,K Suites,Under Assessment,EG Properties Pte Ltd,Euro Properties,CPC Construction Pte Ltd,JGP Architecture (S) Pte Ltd,
115,Kandis Residence,2.0,Dillenia Land Pte Ltd,Tuan Sing Holdings Limited,Calypso Construction Management Pte Ltd,ONG&ONG Pte Ltd,2021.0
116,Kassia,Under Assessment,Tripartite Developers Pte Ltd,City Developments Ltd (CDL) / Hong Leong Holdings Limited / TID Pte Ltd,Lian Beng Construction (1988) Pte Ltd,ONG&ONG Pte Ltd,
117,Kent Ridge Hill Residences,4.0,Oxley Spinel Pte Ltd,Oxley Holdings Ltd,Qingjian International (SP) Group Development Co Pte Ltd,ADDP Architecs LLP,2024.0
118,Ki Residences at Brookvale,2.0,Hoi Hup Sunway Clementi Pte Ltd,Hoi Hup Realty Pte Ltd / Sunway Property Pte Ltd / S C Wong Holdings Pte Ltd,Straits Construction Singapore Pte Ltd,ADDP Architects LLP,2025.0
119,Kingsford Waterbay,5.0,Kingsford Property Development Pte Ltd,Kingsford Development Pte Ltd,Leadbuild Construction Pte Ltd,"P&T Consultants Pte Ltd, Architects",2020.0
120,Kismis Residences,Not Banded,Newfort Alliance (Kismis) Pte Ltd,Low Keng Huat (Singapore) Ltd / Wenul HL Pte Ltd,.,JGP Architecture (S) Pte Ltd,
121,Klimt Cairnhill,Under Assessment,Glopeak Development Pte Ltd,Low Keng Huat (Singapore) Ltd,Low Keng Huat (Singapore) Ltd,DP Architects Pte Ltd,
122,Koon Seng House,Under Assessment,Mequity K Pte Ltd,Macly Group,HLBC Pte Ltd,Farm Architects Pte Ltd,
123,Kopar at Newton,4.0,CEL Newton Pte Ltd,CEL Development Pte Ltd,United Tec Construction Pte Ltd,ADDP Architects LLP,2024.0
124,Kovan Jewel,4.0,Soon Lian Realty (Pte) Ltd,Soon Tien Holdings Pte Ltd,Tokyu Construction Co Ltd,TEAM DESIGN Architects Pte Ltd,2025.0
125,La Mariposa,Not Banded,Lakeview-LR Pte Ltd,Lakeview Investments Pte Ltd / LR Properties Pte Ltd,,Ronny Chin Architects Pte Ltd,
126,Lake Grande,1.0,MCL Land (Vantage) Pte Ltd,MCL Land Ltd,China Construction (South Pacific) Development Co Pte Ltd,ADDP Architects LLP,2019.0
127,Lattice One,Not Banded,TEE Development Pte Ltd,Amcorp Global Ltd,.,AGA Architects Pte Ltd.,
128,Lavender Residence,6.0,FLJ Property Pte Ltd,FLJ Group Ltd,Bestlink Construction Pte Ltd,Park + Associates Pte Ltd,2025.0
129,Le Quest,1.0,Qingjian Realty (Choa Chu Kang) Pte Ltd,Qingjian Realty (South Pacific) Group  Pte Ltd,Qingjian International (SP) Group Development Co Pte Ltd,ADDP Architects LLP,2021.0
130,Leedon Green Condominium,2.0,Asia Radiant Pte Ltd,MCL Land Ltd / Yanlord Land Ltd,TPS Construction Pte Ltd,DCA Architects Pte Ltd,2024.0
131,Lentor Hills Residences,Under Assessment,Lentor Hills Development Pte Ltd,Hong Leong Holdings Limited / GuocoLand Ltd / TID Pte Ltd,Lian Beng Construction (1988) Pte Ltd,P&T Consultants Pte Ltd,
132,Lentor Mansion,Under Assessment,Lentor Mansion Pte Ltd.,GuocoLand Ltd / Hong Leong Holdings Limited,China Construction (South Pacific) Development Co Pte Ltd,ADDP Architectrs LLP,
133,Lentor Modern Residential,Under Assessment,Lentor Modern Pte Ltd and Lentor Central Pte Ltd,GuocoLand Ltd,Lian Beng Construction (1988) Pte Ltd,ADDP Architects LLP,
134,Lentoria,Under Assessment,Lentor View Pte Ltd,TID Pte Ltd / Hong Leong Holdings Limited,Lian Beng Construction (1988) Pte Ltd,DP Architects Pte Ltd,
135,Les Maisons Nassim,3.0,Shun Tak Residential Development Pte Ltd,Shun Tak Holdings Ltd,Daiya Engineering & Construction Pte Ltd,WOHA Architects Pte Ltd,2024.0
136,LINQ@Beauty World,Under Assessment,Alika Properties Pte Ltd,BBR Holdings (Singapore) Ltd / Hexacon Construction Pte Ltd / Powen Ventures Pte Ltd,Singapore Engineering & Construction Pte Ltd,Laud Architect Pte Ltd,
137,LIV@MB,3.0,BSEL Development Pte Ltd,Bukit Sembawang Estates Ltd,Lim Wen Heng Construction Pte Ltd,Arc Studio Architect + Urbanism,2025.0
138,Loft 33,Not Banded,Macly Equity Pte Ltd,Macly Group,.,,
139,Lumina Grand,Under Assessment,CDL Zenith Pte Ltd,City Developments Ltd (CDL),Woh Hup (Pte) Ltd,P&T Consultants Pte Ltd,
140,Luxus Hills Ph 10,Under Assessment,Singapore United Estates (Pte) Ltd,Bukit Sembawang Estates Ltd,TPS Construction Pte Ltd,Park + Associates Pte Ltd,
141,Luxus Hills Phase 16,4.0,Singapore United Estates (Pte) Ltd,Bukit Sembawang Estates Ltd,Seah Construction Pte Ltd,RSP Architects Planners & Engineers (Pte) Ltd,2020.0
142,LYF One-North Singapore,3.0,DBS Trustee Limited (in its capacity as trustee of CapitaLand Ascott Trust),CapitaLand Ltd,Nakano Singapore (Pte) Ltd,WOHA Architects Pte Ltd,2024.0
143,LyndenWoods,Under Assessment,Tuas View Development Pte Ltd,CapitaLand Ltd,Nakano Singapore (Pte) Ltd,ADDP Architects LLP,
144,M Suites,5.0,FG Resource Pte Ltd,FG Resource Pte Ltd,Hiap Seng Building Construction Pte Ltd,Ronny Chin Architects Pte Ltd,2023.0
145,Maple Leaf Elite 1,5.0,Maple Leaf (S) Pte Ltd,Maple Leaf (S) Pte Ltd,Anchorage Construction Co Pte Ltd,Atria Architect,2023.0
146,Maple Leaf Elite 2,5.0,Maple Leaf (S) Pte. Ltd.,Maple Leaf (S) Pte Ltd,Anchorage Construction Co Pte Ltd,Atria Architect,2025.0
147,Margaret Ville,1.0,MCL Land (Regency) Pte Ltd,MCL Land Ltd,TPS Construction Pte Ltd,Architects 61 Pte Ltd,2022.0
148,Martin Modern,1.0,Martin Mordern Pte Ltd,GuocoLand Ltd,Lian Beng Construction (1988) Pte Ltd,ADDP Architects LLP,2022.0
149,Mattar Residences,3.0,L K Ang Construction Pte Ltd,L K Ang Construction Pte Ltd,Guan Xing Pte Ltd,AGA Architects Pte Ltd,2024.0
150,Mayfair Gardens,2.0,Citrine Property Pte Ltd,Oxley Holdings Ltd,CNQC Engineering & Construction Pte Ltd,DP Architects Pte Ltd,2023.0
151,Mayfair Modern,2.0,Citrine Property Pte Ltd,Oxley Holdings Ltd,CNQC Engineering & Construction Pte Ltd,DP Architects Pte Ltd,2023.0
152,Meyer Mansion,3.0,Meyer Mansion Pte Ltd,GuocoLand Ltd,Kimly Construction Pte Ltd,ADDP Architects LLP,2024.0
153,MeyerHouse,1.0,Secure Venture Development (No.1) Pte Ltd,UOL Group Ltd / Kheng Leong Co (Pte) Ltd,Unison Construction Pte Ltd,WOHA Architects Pte Ltd,2022.0
154,Midtown Modern,Under Assessment,MTG Apartment Pte Ltd & MTG Retail Pte Ltd,GuocoLand Ltd / Hong Leong Holdings Limited,Tiong Seng Contractors (Pte) Ltd,ADDP Architects LLP,
155,Midwood,2.0,Hillview Rise Development Pte Ltd,Hong Leong Holdings Limited,Kimly Construction Pte Ltd,DP Architects Pte Ltd,2024.0
156,Mont Botanik Residence,2.0,Episcia Land Pte Ltd,Tuan Sing Holdings Limited,Calypso Construction Management Pte Ltd,AGA Architect Pte Ltd,2023.0
157,Mooi Residences,6.0,Wenul HL Pte Ltd,Wenul HL Pte Ltd,Vista Engineers & Construction Pte Ltd,Metaphor Design + Architecture Pte Ltd,2025.0
158,Mori,3.0,RL East Pte Ltd,Roxy Pacific Holdings Ltd,JH Construction Pte Ltd,Ronny Chin Architect Pte Ltd,2025.0
159,MYRA,1.0,Tiara Land Pte Ltd,Selangor Dredging Berhad,V3 Construction Pte Ltd,JGP Architecture (S) Pte Ltd,2024.0
160,Nava Grove,Under Assessment,Golden Ray Edge 3 Pte Ltd,MCL Land Ltd / Sinarmas Land,China Communications Construction Co Ltd (Singapore Branch),P&T Consultants Pte Ltd,
161,Neem Tree,Not Banded,Aylesbury Pte Ltd,Aylesbury Pte Ltd,.,Ronny Chin Architects Pte Ltd,
162,Neu at Novena (27 Moulmein Rise),4.0,Rh Novena Pte Ltd,Roxy Pacific Holdings Ltd / Macly Group / LWH Holdings Pte Ltd,Tat Hin Builders Pte Ltd,Ronny Chin Architects Pte Ltd,2025.0
163,New Landed Houses of 2 Detached Houses and 3 Terrace Houses along  Upper Changi Road/Jalan Angin Laut,2.0,Eastpoint Development Pte Ltd,Midview Group,Yee Hong Pte Ltd,Kung & Tan Architects,2024.0
164,Newport Plaza,Under Assessment,Hong Leong Properties Pte Ltd_CDL Pisces Commercial Pte Ltd_CDL Pisces Serviced Residences Pte Ltd,City Developments Ltd (CDL) / Hong Leong Holdings Limited,Woh Hup (Pte) Ltd,ADDP Architects LLP,
165,Nim Collection Phase 1 & 2,1.0,Singapore United Estates (Pte) Ltd,Bukit Sembawang Estates Ltd,TPS Construction Pte Ltd,W Architects Pte Ltd,2020.0
166,Noma Residences,2.0,Macly 33 Pte Ltd,Macly Group,HLBC Pte Ltd,JGP Architecture (S) Pte Ltd,2024.0
167,Normanton Park,1.0,Kingsford Huray Development Pte Ltd.,Kingsford Development Pte Ltd,China Jingye Engineering Corporation Ltd (Spore Branch),P&T Consultants Pte Ltd,2024.0
168,North Gaia,Under Assessment,Sing Holdings (Yishun) Pte Ltd,Sing Holdings Ltd,MCC Engineering (Singapore) Pte Ltd,P&T Consultant Pte Ltd,
169,Northpoint City / North Park Residences,1.0,"North Gem Development Pte Ltd, North Gem Development Pte Ltd & FC North Gem Trustee Pte Ltd",Frasers Property Limited,Lum Chang Building Contractors Pte Ltd,SAA Architects Pte Ltd,2019.0
170,Norwood Grand,Under Assessment,CDL Stellar Pte Ltd,City Developments Ltd (CDL),Woh Hup (Pte) Ltd,ADDP Architects LLP,
171,Novo Place,Under Assessment,Hoi Hup Sunway Jurong Pte Ltd,Hoi Hup Realty Pte Ltd / Sunway Property Pte Ltd,Straits Construction Singapore Pte Ltd,ADDP Architectrs LLP,
172,Nyon,1.0,Aurum Land (Pte) Ltd,Aurum Land (Pte) Ltd,Woh Hup (Pte) Ltd,Park + Associates Pte Ltd,2022.0
173,OCHO,Under Assessment,Primest Land V1 Pte Ltd,Primest Land Pte Ltd / Ever Capital Pte Ltd / Sunlit Venture Capital Pte Ltd,Innobuild Contractor Pte Ltd,Metaphor Design + Architecture Pte Ltd,
174,OLA,2.0,Anchorvale Pte Ltd,Gamuda Land / Evia Real Estate Pte Ltd / Ho Lee Group Pte Ltd,Wee Poh Construction Co (Pte) Ltd,AGA Architects Pte Ltd,2025.0
175,Olloi,Not Banded,K16 Development Pte Ltd,K16 Development Pte Ltd,.,Park + Associates Pte Ltd,
176,One Bernam,Under Assessment,HY- MCC (Bernam) Pte Ltd,Hao Yuan Investment Pte Ltd / MCC Land (Singapore) Pte Ltd,MCC Engineering (Singapore) Pte Ltd,DPA Architects Pte Ltd,
177,One Draycott,1.0,Champsworth Development Pte Ltd,Selangor Dredging Berhad,Asiabuild Construction Pte Ltd,JGP Architecture (S) Pte Ltd,2023.0
178,One Holland Village,1.0,Commons Residential Pte Ltd,Far East Organization / Sino Group / Sekisui House Ltd,Woh Hup (Pte) Ltd,MKPL Architects Pte Ltd / RSP Architects Planners & Engineers (Pte) Ltd,2025.0
179,One Marina Gardens,Under Assessment,Kingsford Marina Development Pte Ltd,Kingsford Development Pte Ltd / Polarix Cultural & Science Park Investment Pte Ltd / Obsidian Development Pte Ltd,Qingjian Engineering & Construction Pte Ltd,P&T Consultants Pte Ltd,
180,One Meyer,2.0,SL Capital (5) Pte Ltd,Sustained Land Pte Ltd / Goodland Group Ltd / Ho Lee Group Pte Ltd,V3 Construction Pte Ltd,Ronny Chin Architects Pte Ltd,2023.0
181,One North Eden,3.0,One North Development Pte Ltd,TID Pte Ltd,Nakano Singapore (Pte) Ltd,P&T Consultants Pte Ltd,2024.0
182,One Pearl Bank,Not Banded,Areca Investment Pte Ltd,CapitaLand Ltd,Tiong Seng Contractors (Pte) Ltd,Areca Investment Pte Ltd,
183,One Tree Hill Collection,Not Banded,Lum Chang Auriga Pte Ltd,Lum Chang Group,.,K2LD Architects,
184,Orchard Sophia,Under Assessment,Orchard Sophia Pte Ltd,DB2Land Pte Ltd,Tat Hin Builders Pte Ltd,ONG&ONG Pte Ltd,
185,Otto Place,Under Assessment,Hoi Hup Sunway Plantation Pte Ltd,Hoi Hup Realty Pte Ltd / Sunway Property Pte Ltd,Straits Construction Singapore Pte Ltd,ADDP Architects LLP,
186,Parc Botannia,2.0,Fernvale Green Pte Ltd,Sing Holdings Ltd / Wee Hur Holdings Ltd,Wee Hur Construction Pte Ltd,P&T Consultants Pte Ltd,2022.0
187,Parc Canberra,1.0,Hoi Hup Sunway Canberra Pte. Ltd.,Hoi Hup Realty Pte Ltd / Sunway Property Pte Ltd,Straits Construction Singapore Pte Ltd,Consortium 168 Architect Pte Ltd,2024.0
188,Parc Central Residences,2.0,Hoi Hup Sunway Tampines JV Pte Ltd,Hoi Hup Realty Pte Ltd / Sunway Property Pte Ltd,Straits Construction Singapore Pte Ltd,ADDP Architects LLP,2025.0
189,Parc Clematis,2.0,Sing-Haiyi Gold Pte Ltd,Singhaiyi Group Ltd,China Construction (South Pacific) Development Co Pte Ltd,P&T Consultants Pte Ltd,2024.0
190,Parc Esta Condominium,1.0,MCL Land (Everbright) Pte Ltd,MCL Land Ltd,China Construction (South Pacific) Development Co Pte Ltd,P&T Consultants Pte Ltd,2024.0
191,Parc Greenwich,2.0,Fernvale Lane Pte Ltd,Frasers Property Limited / CSC Land Group,Rich Construction Company Pte Ltd,ADDP Architects LLP,2025.0
192,Parc Komo,2.0,CEL Real Estate Development Pte Ltd,CEL Development Pte Ltd,Chip Eng Seng Contractors (1988) Pte Ltd,Park + Associates Pte Ltd,2024.0
193,Parc Riviera,2.0,EL Development (West Coast) Pte Ltd,EL Development Pte Ltd,Evan Lim & Co Pte Ltd,ADDP Architects LLP,2020.0
194,Park Colonial,1.0,CEL Unique Developments Pte Ltd,CEL Development Pte Ltd / Heeton Holdings Ltd / KSH Holdings Ltd,Dragages Singapore Pte Ltd,ADDP Architects LLP,2022.0
195,Park Nova,2.0,Shun Tak Cuscaden Residential Pte Ltd,Shun Tak Holdings Ltd,China Construction Realty Co. Pte Ltd,P&T Consultants Pte Ltd,2025.0
196,Park Place Residences at PLQ,1.0,Lendlease,Roma Central Pte Ltd / Milano Central Pte Ltd / Verona Central Pte Ltd,Kim Seng Heng Engineering Construction (Pte) Ltd,DP Architects Pte Ltd,2020.0
197,Parksuites,1.0,Kentish View Pte Ltd and Lucky Pinnacle Pte Ltd,Far East Organization,Woh Hup (Pte) Ltd,DP Architects Pte Ltd,2023.0
198,Parkwood Collection,4.0,Fantasia (Park) Pte Ltd,Fantasia Investment (S) Pte Ltd,SG United Construction Pte Ltd,RSP Architects Planners & Engineers (Pte) Ltd,2023.0
199,Parkwood Residences,4.0,Oxley Garnet Pte Ltd,Oxley Holdings Ltd,Cheng Ji Builder Pte Ltd,Ronny Chin Architects Pte Ltd,2023.0
200,Parq Bella,Under Assessment,Kims Land @ EC Pte Ltd,Kims Land @ EC Pte Ltd,Bestlink Construction Pte Ltd,Park + Associates Pte Ltd,
201,Pasir Ris 8,1.0,Phoenix Commercial Pte Ltd / Phoenix Residential Pte Ltd,Allgreen Properties Ltd / Kerry Properties Limited,Woh Hup (Pte) Ltd,DCA Architects Pte. Ltd.,2025.0
202,Peak Residence,3.0,TSRC Novena Pte Ltd,Tuan Sing Holdings Limited / Rich Capital Realty Pte Ltd,Calypso Construction Management Pte Ltd,AGA Architect Pte Ltd,2025.0
203,Penrose,Under Assessment,NovaSims Development Pte Ltd,City Developments Ltd (CDL) / Hong Leong Holdings Limited,Lian Beng Construction (1988) Pte Ltd,P&T Consultants Pte Ltd,
204,Perfect Ten,Under Assessment,Japura Development Pte Ltd,CK Asset Holdings Ltd,China Construction (South Pacific) Development Co Pte Ltd,DP Architects Pte Ltd,
205,Petit Jervois,Not Banded,Jerwyn Pte Ltd,SC Global Developments Ltd,Daiya Engineering & Construction Pte Ltd,RT+Q Architects,
206,Phoenix Residence,3.0,USB (Phoenix) Pte Ltd,OKP Holdings Ltd / Ho Lee Group Pte Ltd / HSB Holdings Pte Ltd,Trust-Build Engineering & Construction Pte Ltd,AGA Architects Pte Ltd,2025.0
207,Piccadilly Grand & Piccadilly Galleria,Under Assessment,Maximus Residential SG Pte Ltd & Maximus Commercial SG Pte Ltd,City Developments Ltd (CDL) / MCL Land Ltd,China Construction (South Pacific) Development Co Pte Ltd,ADDP Architects LLP,
208,Piermont Grand,1.0,Pavo Properties Pte Ltd,City Developments Ltd (CDL) / TID Pte Ltd,Woh Hup (Pte) Ltd,P&T Consultant Pte Ltd,2023.0
209,Pinetree Hill,Under Assessment,United Venture Development (No 5) Pte Ltd,UOL Group Ltd / Singapore Land Group Ltd (SingLand),United Tec Construction Pte Ltd,P&T Consultants Pte Ltd,
210,Pollen Collection,Under Assessment,Singapore United Estates (Pte) Ltd,Bukit Sembawang Estates Ltd,Seah Construction Pte Ltd,W Architects Pte Ltd,
211,Provence Residence,1.0,MCC Land (Canberra) Pte Ltd,MCC Land (Singapore) Pte Ltd / Uniforce Resources (Singapore) Pte Ltd / Hevol Investment (Simgapore) Pte Ltd,MCC Engineering (Singapore) Pte Ltd,AGA Architects Pte Ltd,2025.0
212,Pullman Residences Newton,5.0,EL Development Pte Ltd,EL Development Pte Ltd,Evan Lim & Co Pte Ltd,ADDP Architect LLP,2025.0
213,Queens Peak,1.0,Hy Realty (Dundee) Pte Ltd,Hao Yuan Investment Pte Ltd / MCC Land (Singapore) Pte Ltd,MCC Engineering (Singapore) Pte Ltd,AGA Architects Pte Ltd,2021.0
214,Residence Twenty-Two,Not Banded,Grow99 Pte Ltd,Grow99 Pte Ltd,.,,
215,Rezi 24,Not Banded,Development 24 Pte Ltd,KSH Holdings Ltd / Lian Beng Group Ltd / Heeton Holdings Ltd,Paul Y Construction (S) Pte Ltd,Park + Associates Pte Ltd,
216,Rezi 35,4.0,Development 35 Pte Ltd,KSH Holdings Ltd / Amcorp Global Ltd,Trinity Construction Development Pte Ltd,Park + Associates Pte Ltd,2020.0
217,River Green,Under Assessment,Wing Tai Property Management Pte Ltd,Wing Tai Holdings Ltd,China Construction (South Pacific) Development Co Pte Ltd,P&T Consultants Pte Ltd,
218,Rivercove Residences,1.0,Hoi Hup Sunway Sengkang Pte Ltd,Hoi Hup Realty Pte Ltd / Sunway Property Pte Ltd,Straits Construction Singapore Pte Ltd,Consortium 168 Architects Pte Ltd,2021.0
219,Riverfront Residences,1.0,Rio Casa Venture Pte Ltd,KSH Holdings Ltd / Oxley Holdings Ltd / Lian Beng Group Ltd,Kim Seng Heng Engineering Construction (Pte) Ltd,ADDP Architects LLP,2023.0
220,Rivière / Fraser Residence River Promenade,1.0,Frasers Property Quayside Pte Ltd,Frasers Property Limited,Woh Hup (Pte) Ltd,P&T Consultants Pte Ltd,2023.0
221,Robertson Walk,Under Assessment,Riverside Property Pte Ltd,Frasers Property Limited / Sekisui House Ltd,Lum Chang Building Contractors Pte Ltd,ADDP Architects LLP,
222,Royal Hallmark,Under Assessment,H Homes Pte Ltd,Nobel Design Holdings Pte Ltd / Lian Huat Group / 2E Capital Ltd,Iso-team Corporation Pte Ltd,JGP Architecture (S) Pte Ltd,
223,RoyalGreen,1.0,Sky Top Investments Private Limited,Allgreen Properties Ltd,Woh Hup (Pte) Ltd,ADDP Architects Pte Ltd,2022.0
224,RV Altitude,5.0,RH Capital Two Pte Ltd,Roxy Pacific Holdings Ltd,Pal-Link Construction Pte Ltd,Ronny Chin Architects Pte Ltd,2024.0
225,Sanctuary@Newton,Under Assessment,ASK Development Pte Ltd,Kai Lim Developments Pte Ltd / Santarli Group Pte Ltd / Amara Holdings Ltd,Tat Hin Builders Pte Ltd,AGA Architects Pte Ltd,
226,Sandy Eight,Not Banded,JVA Katong Pte Ltd,JVA Venture Pte Ltd,.,,
227,Sceneca Residence,Under Assessment,MCC Land (TMK) PTE LTD,MCC Land (Singapore) Pte Ltd / The Place Holdings Ltd / Ekovest Development (S) Pte Ltd,MCC Engineering (Singapore) Pte Ltd,ADDP Architects LLP,
228,Sea Pavillion Residences,5.0,Oxley Opal Pte Ltd,Oxley Holdings Ltd,Tat Hin Builders Pte Ltd,Kyoob Architects Pte Ltd,2021.0
229,Seaside Residences,1.0,East Vue Pte Ltd,Frasers Property Limited / Sekisui House Ltd / Keong Hong Holdings Ltd,Keong Hong Construction Pte Ltd,ADDP Architects LLP,2021.0
230,Sengkang Grand Residences,1.0,Siena Residential Development Pte. Ltd. and Siena Trustee Pte. Ltd.,CapitaLand Ltd / City Developments Ltd (CDL),China Construction (South Pacific) Development Co Pte Ltd,MKPL Architects Pte. Ltd.,2025.0
231,Seraya Residences,3.0,Macly 33 Pte Ltd,Macly Group,HLBC Pte Ltd,JGP Architecture (S) Pte Ltd,2022.0
232,Sixteen 35 Residences,3.0,Oxley Pearl Pte Ltd,Oxley Holdings Ltd,CKR Contract Services Pte Ltd,Mode Architects Pte Ltd,2022.0
233,Sky Eden @ Bedok,Under Assessment,Chempaka Development Pte Ltd,Frasers Property Limited,Keong Hong Construction Pte Ltd,ADDP Architects LLP,
234,Sky Everton,1.0,SL Capital (6) Pte Ltd,Sustained Land Pte Ltd / Kwong Lee Land Pte Ltd / Ho Lee Group Pte Ltd,Keong Hong Construction Pte Ltd,ADDP Architects LLP,2024.0
235,Skye at Holland,Under Assessment,Holly Development Pte. Ltd.,UOL Group Ltd / CapitaLand Ltd / Singapore Land Group Ltd (SingLand),Woh Hup (Pte) Ltd,P&T Architects Pte Ltd,
236,Sloane Residences,1.0,TSKY Balmoral Pte Ltd,Tiong Seng Holdings Ltd / Ang Tong Seng Holdings Pte Ltd / Progen Holdings Ltd,Tiong Seng Contractors (Pte) Ltd,ONG&ONG Pte Ltd,2024.0
237,Sophia Regency,Under Assessment,East Asia Sophia Development Pte Ltd,Dong Ya Xin Hua Group,CNQC Engineering & Construction Pte Ltd,M.A.N Architects LLP,
238,Sora Condominium,Under Assessment,Lakeside Residential Pte Ltd,CEL Development Pte Ltd / Singhaiyi Group Ltd / KSH Holdings Ltd,Nakano Singapore (Pte) Ltd,ADDP Architects LLP,
239,Spring Water Villas,2.0,South Island Mata Ayer Pte Ltd,South Island Mata Ayer Pte Ltd,Fu Xiang Construction Pte Ltd,Brenton Fong Architects,2025.0
240,Stars of Kovan,2.0,Kovan Treasure Pte Ltd,CK Asset Holdings Ltd,Rich-Link Construction Pte Ltd,TEAM DESIGN Architects Pte Ltd,2020.0
241,Stirling Residences,3.0,LN Development (Stirling) Pte Ltd,Logan Property Singapore Co Pte Ltd / Nanshan Group Singapore Pte Ltd,China Construction (South Pacific) Development Co Pte Ltd,P&T Consultants Pte Ltd,2022.0
242,Straits at Joo Chiat,Under Assessment,RH Katong Pte Ltd,Roxy Pacific Holdings Ltd,HLBC Pte Ltd,JGP Architecture (S) Pte Ltd,
243,Tedge,4.0,Macly 18 Pte Ltd,Macly Group,Pal-Link Construction Pte Ltd,JGP Architecture (S) Pte Ltd,2024.0
244,Tembusu Grand,Under Assessment,City Developments Ltd (CDL),City Developments Ltd (CDL) / MCL Land Ltd,United Tec Construction Pte Ltd,ADDP ARCHITECTS LLP,
245,Tenet,Under Assessment,TQS Development Pte Ltd,Heeton Holdings Ltd / Santarli Group Pte Ltd / Qingjian Realty (South Pacific) Group  Pte Ltd,Santarli Construction Pte Ltd / Grandtech Construction Pte Ltd,ADDP Architects LLP,
246,Terra Hill,Under Assessment,Hoi Hup Sunway Kent Ridge Pte Ltd,Hoi Hup Realty Pte Ltd / Sunway Property Pte Ltd,Straits Construction Singapore Pte Ltd,P&T Consultants Pte Ltd,
247,The Addition,1.0,Oxley Topaz Pte Ltd,Oxley Holdings Ltd,V3 Construction Pte Ltd,JGP Architecture (S) Pte Ltd,2020.0
248,The Alps Residences,2.0,MCC Land (Tampines) Pte Ltd,MCC Land (Singapore) Pte Ltd,China Jingye Engineering Corporation Ltd (Spore Branch),AGA Architects Pte Ltd,2021.0
249,The Antares,2.0,FSKH Development Pte Ltd,Hock Lian Seng Holdings Ltd / Keong Hong Holdings Ltd / TA Corporation Ltd,K H Land Pte Ltd,Consortium168 Architects Pte. Ltd.,2023.0
250,The Arden,Under Assessment,CNQC Realty (Phoenix) Pte Ltd,Qingjian Realty (South Pacific) Group  Pte Ltd,CNQC Engineering & Construction Pte Ltd,M.A.N Architects LLP,
251,The Atelier,2.0,Bukit Sembawang View Pte Ltd,Bukit Sembawang Estates Ltd,V3 Construction Pte Ltd,ONG&ONG Pte Ltd,2025.0
252,The Avenir,2.0,Carmel Development Pte Ltd,GuocoLand Ltd / Hong Realty (Pte) Ltd / Hong Leong Holdings Limited,Lian Beng Construction (1988) Pte Ltd,ADDP Architects LLP,2025.0
253,The Bideford,2.0,SC Aetas Holdings  Pte Ltd,SC Aetas Holdings  Pte Ltd,Dragages Singapore Pte Ltd,RSP Architects Planners & Engineers (Pte) Ltd,2021.0
254,The Botany At Dairy Farm,Under Assessment,Sim Lian JV (Dairy Farm) Pte Ltd,Sim Lian Group,Sim Lian Construction Co (Pte) Ltd,M.A.N Architects LLP,
255,"The Carrara 6, units of 2-storey envelope control semi-detached dwelling houses with attic, mezzanine and swimming pool on lots 02238N & 98579T MK25 at 801 and 803 Mountbatten Road",5.0,Sevens Group (Taurus) Pte Ltd,Sevens Group Pte Ltd,HES Construction Pte Ltd,Xpace Design Group Pte Ltd,2025.0
256,The Citron Residences,Not Banded,Goodland Assets Pte Ltd,Goodland Group Ltd,.,Place Architects & Design Pte Ltd,
257,The Clement Canopy,1.0,United Venture Development (Clementi) Pte Ltd,UOL Group Ltd / Singapore Land Group Ltd (SingLand),Dragages Singapore Pte Ltd,ADDP Architects LLP,2019.0
258,The Collective at One Sophia,Under Assessment,Sophia Residential Pte Ltd & Sophia Commercial Pte Ltd,Singhaiyi Group Ltd / CEL Development Pte Ltd / KSH Holdings Ltd,China Harbour Engineering Co Ltd Singapore Branch,ADDP Architects LLP,
259,The Commodore,Under Assessment,JBE Canberra Pte Ltd,JBE Holdings Pte Ltd,Welltech Construction Pte Ltd,M.A.N architects LLP,
260,The Continuum,Under Assessment,Hoi Hup Sunway Katong Pte. Ltd.,Hoi Hup Realty Pte Ltd / Sunway Property Pte Ltd,Straits Construction Singapore Pte Ltd,P&T Consultants Pte. Ltd.,
261,The Enclave,Not Banded,Three Sixty-Nine Development Pte Ltd,Three Sixty-Nine Development Pte Ltd,.,Park + Associates Pte Ltd,
262,The Essence,4.0,Chong Kuo Development Pte Ltd,Lian Soon Holdings Pte Ltd / OKP Holdings Ltd / HSB Holdings Pte Ltd,Lian Soon Construction Pte Ltd,Park + Associates Pte Ltd,2023.0
263,The Florence Residences,Not Banded*,Florence Development Pte Limited,Logan Property Singapore Co Pte Ltd,Tiong Aik Construction Pte Ltd,P&T Consultants Pte Ltd,
264,The Gardens Residences,1.0,Gardens Development Pte Ltd,Keppel Land Ltd / Wing Tai Holdings Ltd,Dragages Singapore Pte Ltd,ADDP Architects LLP,2022.0
265,The Gatz,3.0,Huuso Realty Pte Ltd,Huuso Realty Pte Ltd,Seong Construction Pte Ltd,LST Architects,2025.0
266,The Gazania,1.0,Sing HaiYi Huajiang Sun Pte Ltd,Singhaiyi Group Ltd,China Construction (South Pacific) Development Co Pte Ltd,RSP Architects Planners & Engineers (Pte) Ltd,2023.0
267,The Giverny Residences,Under Assessment,Robin Development Pte Ltd,Lian Huat Group,Hiap Seng Building Construction Pte Ltd,A D Lab Pte Ltd,
268,The Hill @ One North,Under Assessment,Kingsford Real Estate Development Pte Ltd,Kingsford Development Pte Ltd,Leadbuild Construction Pte Ltd,P&T Consultants Pte Ltd,
269,The Hillshore,Under Assessment,Hillside View Development Pte. Ltd.,FRX Capital Pte Ltd,Nippon Builders Pte Ltd,Park + Associates Pte Ltd,
270,The HYDE,1.0,Aurum Land (Pte) Ltd,Aurum Land (Pte) Ltd,Woh Hup (Pte) Ltd,FDAT Architects LLP,2022.0
271,The Iveria,4.0,Macly Iveria Pte Ltd,Macly Group,Pal-Link Construction Pte Ltd,JGP Architecture(S) Pte Ltd,2024.0
272,The Jardine Residences (295 Lorong Chuan),Under Assessment,JGL Property Pte Ltd,JGL Land Pte Ltd,JG Builders Pte Ltd,APDS Architects,
273,The Jovell,1.0,Tripartite Developers Pte Ltd,City Developments Ltd (CDL) / Hong Leong Holdings Limited / TID Pte Ltd,Lian Beng Construction (1988) Pte Ltd,ONG&ONG Pte Ltd,2023.0
274,The Lake Garden Residences,Under Assessment,Winville Investment Pte. Ltd.,Wing Tai Holdings Ltd,China Construction (South Pacific) Development Co Pte Ltd,Surbana Jurong Consultant,
275,The Landmark,Under Assessment,Landmark JV  Pte Ltd,MCC Land (Singapore) Pte Ltd / Zelitist Pte Ltd,China Jingye Engineering Corporation Ltd (Spore Branch),Swan & Maclaren Architects Pte Ltd,
276,The Lilium,1.0,SingHaiyi Huajiang Amber Pte Ltd,Singhaiyi Group Ltd,China Construction (South Pacific) Development Co Pte Ltd,RSP Architects Planners & Engineers (Pte) Ltd,2022.0
277,The M,1.0,Wingcharm Investment Pte Ltd,Wing Tai Holdings Ltd,Dragages Singapore Pte Ltd,P&T Consultants Pte Ltd,2024.0
278,The Myst,Under Assessment,CDL Aries Pte Ltd,City Developments Ltd (CDL),Dragages Singapore Pte Ltd,ADDP Architects LLP,
279,The Navian,Not Banded,RH Eunos Pte Ltd,Roxy Pacific Holdings Ltd,.,JGP Architecture (S) Pte Ltd.,
280,The Orie,Under Assessment,Transcend Residential (Toa Payoh) Pte Ltd,City Developments Ltd (CDL) / Frasers Property Limited / Sekisui House Ltd,Woh Hup (Pte) Ltd,ADDP Architects LLP,
281,The Ramford,Not Banded,Centra East Development Pte Ltd,Centra East Development Pte Ltd,.,Tektonik Studio,
282,The Reef at Kings Dock,1.0,Harbourfront Three Pte Ltd,Keppel Land Ltd / Mapletree Investments Pte Ltd,Woh Hup (Pte) Ltd,DCA Architects Pte Ltd,2025.0
283,The Reserve Residences,Under Assessment,FE Landmark Pte Ltd and FEC Residences Trustee Pte Ltd and FEC Retail Trustee Pte Ltd,Far East Organization / Sino Group,China Construction (South Pacific) Development Co Pte Ltd,WOHA Architects Pte Ltd,
284,The Rise @ Oxley - Residences,Not Banded,Oxley Rise Pte Ltd,Oxley Holdings Ltd,.,DP Architects Pte Ltd,
285,The Shorefront (165 JLB),Under Assessment,165@Loyang Pte Ltd,Jinmac Pte Ltd / KY Group,165@Loyang Pte Ltd,Studioshen,
286,The Tapestry,1.0,Bellevue Properties Pte. Ltd,City Developments Ltd (CDL),Woh Hup (Pte) Ltd,ADDP Architects LLP,2021.0
287,The Tre Ver,3.0,UVD (Projects) Pte Ltd,UOL Group Ltd / Singapore Land Group Ltd (SingLand),Lian Beng Construction (1988) Pte Ltd,WOHA Architects Pte Ltd,2024.0
288,The Verandah Residences,5.0,Oxley Amber Pte Ltd,Oxley Holdings Ltd,Sysma Construction Pte Ltd,DP Architects Pte Ltd,2022.0
289,The Visionaire,1.0,QingJian Realty (Sembawang) Pte. Ltd.,Qingjian Realty (South Pacific) Group  Pte Ltd,CNQC Engineering & Construction Pte Ltd,Surbana International Pte Ltd,2019.0
290,The Watergardens at Canberra,2.0,United Venture Development (2020) Pte Ltd,UOL Group Ltd / Singapore Land Group Ltd (SingLand) / Kheng Leong Co (Pte) Ltd,United Tec Construction Pte Ltd,P&T Consultants,2025.0
291,The Woodleigh Residences & Mall,1.0,Kajima Development Pte Ltd and Singapore Press Holdings Ltd (JV),Kajima Development Pte Ltd / Singapore Press Holdings Ltd,Kajima Overseas Asia (Singapore) Pte Ltd / Tiong Seng Contractors (Pte) Ltd,DP Architects Pte Ltd,2023.0
292,Treasure at Tampines,Not Banded,Sim Lian (Treasure) Pte Ltd,Sim Lian Group,S&L City Builders Pte Ltd,Design Link Architects Pte Ltd,
293,Trilive,Not Banded,RH Tampines Pte Ltd,Roxy Pacific Holdings Ltd,.,Kyoob Architects Pte Ltd,
294,Twin Vew,1.0,CSC Land Group,CSC Land Group,China Construction (South Pacific) Development Co Pte Ltd,P&T Consultants Pte Ltd,2022.0
295,Uptown @ Farrer,1.0,Perumal Development Pte Ltd,Low Keng Huat (Singapore) Ltd,Dragages Singapore Pte Ltd,Metaphor design & Architecture,2022.0
296,Urban Treasures,2.0,Fragrances Treasures Pte Ltd,Fragrance Group Ltd,Jia Hong Engineering Pte Ltd,SAA Architects Pte Ltd,2023.0
297,Van Holland,2.0,KBD Holland Pte Ltd,Koh Brothers Development Pte Ltd,Koh Brothers Bldg & Civil Engrg Contractor (Pte) Ltd,M.A.N Architects LLP,2024.0
298,Verdale,3.0,C&C (JJK) Pte Ltd,CSC Land Group / Coli Singapore,China Construction Realty Co. Pte Ltd,P&T Consultants Pte Ltd,2025.0
299,Verticus,1.0,SB (Kemaman) Development Pte Ltd,Soilbuild Group Holdings Ltd,SB Procurement Pte Ltd,P&T Consultants Pte Ltd,2025.0
300,View at Kismis,Under Assessment,Roxy-TE2 Development Pte Ltd,Roxy Pacific Holdings Ltd / Tong Eng Group,Hua Leong Group Pte Ltd,JGP Architecture (S) Pte Ltd,
301,W Residences Marina View,Under Assessment,Boulevard Development Pte Ltd / Boulevard Midtown Pte Ltd,IOI Properties Group,Woh Hup (Pte) Ltd,Architects 61 Pte Ltd,
302,Watercove,3.0,Sembawang Estate (Pte) Ltd,Bukit Sembawang Estates Ltd,V3 Construction Pte Ltd,P&T Consultants Pte Ltd,2019.0
303,Watten House,Under Assessment,United Venture Development,UOL Group Ltd / Singapore Land Group Ltd (SingLand),Unison Construction Pte Ltd,Architects 61 Pte Ltd,
304,Whistler Grand,1.0,CDL Pegasus Pte Ltd,City Developments Ltd (CDL),Woh Hup (Pte) Ltd,ADDP Architects LLP,2022.0
305,Wilkie Hills,4.0,Chemara Realty Pte Ltd,Chemara Realty Pte Ltd,Lum Chang Interior Pte Ltd,RDC Architects Pte Ltd,2025.0
306,Wilshire Residences,2.0,TE2KS-RH Pte Ltd,Roxy Pacific Holdings Ltd / Tong Eng Group / KSH Holdings Ltd,K H Land Pte Ltd,JGP Architecture (S) Pte Ltd,2024.0
307,Zyanya,3.0,NNB 8 Development Pte Ltd,NEO Group / Boldtek Holdings Ltd / Exclusive Development,Hua Leong Group Pte Ltd,JGP Architecture (S) Pte Ltd,2025.0
